Location Name,City,Region,Address,Details,Coordinates,Phone,Email,Operator,Website,Source
Kasteel Rijvissche (Zaal Rijvissche),Zwijnaarde-Gent,Belgium,"Rijvisschestraat 124, 9052 Zwijnaarde",Abandoned house scenes / Event venue,9052 Ghent,+32 (0)474 93 35 03,info@zaalrijvissche.be,Karel Buysse,Available via Lowiz.org,"IMDb, Lowiz.org"
Grand Place / Grote Markt,Brussels,Belgium,1000 Brussels,Brussels Square,1000 Brussels,N/A,N/A,City of Brussels,N/A,IMDb
Beervelde Train Station,Lochristi,Belgium,"Beervelde, Lochristi",Train Station,,N/A,N/A,NMBS/SNCB (Belgian Railways),N/A,IMDb
9 Rue Saint-Antoine,Viroinval,Belgium,"9 Rue Saint-Antoine, Viroinval",Hotel,,N/A,N/A,N/A,N/A,IMDb
Heesvelde,Wetteren,Belgium,Wetteren area,Elias grandfather's Farm,"51°01'26.3""N 3°53'30.4""E",N/A,N/A,Private property,N/A,IMDb
Hotel Winterhof,Wetteren,Belgium,"Smetledesteenweg 142, 9230 Wetteren","Hotel filming location (15 rooms, family-run since 1972)",,+32 09 369 02 62,winterhof@proximedia.be,Family business (since 1972),www.winterhof.be,"Reddit, Winterhof.be, Cvent"
Dorley Plants,Laarne,Belgium,"Zevensterstraat 1a, 9270 Laarne","Plant nursery, filming location mentioned in credits",,+32 494 52 61 52,info@dorleyplants.be,Dorano and Ashley Plevoets,www.dorleyplants.be,"Reddit, Laarne.be"
Prullenbosenstraat,Wetteren,Belgium,"Prullenbosenstraat, Wetteren",Campfire (Dad's night show),,N/A,N/A,Public road,N/A,Reddit
Walking through Brussels,Brussels,Belgium,Brussels city center,Walking scene,"50°50'45.1""N 4°21'04.6""E",N/A,N/A,City of Brussels,N/A,Reddit
Elias riding bike to farm,Wetteren area,Belgium,Wetteren countryside,Opening credits,"51°01'03.5""N 3°53'11.5""E",N/A,N/A,Rural area,N/A,Reddit
Elias and Alexander ride bikes home,Wetteren area,Belgium,Wetteren countryside,Before eating cherries,"51°01'41.0""N 3°55'17.6""E",N/A,N/A,Rural area,N/A,Reddit
Elias and Alexander ride bikes to farm,Wetteren area,Belgium,Wetteren countryside,Before meeting pigs,"51°01'38.0""N 3°55'19.6""E",N/A,N/A,Rural area,N/A,Reddit
"""Ik wil gewoon bij jou zijn"" scene",Wetteren area,Belgium,Wetteren industrial area,Industrial area scene,"51°01'41.9""N 3°51'58.2""E",N/A,N/A,Industrial zone,N/A,Reddit
Manneken Pis,Brussels,Belgium,"Rue de l'Étuve / Stoofstraat, 1000 Brussels",Famous statue / tourist attraction,,N/A,N/A,City of Brussels,N/A,Reddit
Friend's house with pool,Wetteren area,Belgium,Unknown private residence,Pool scene,,N/A,N/A,Private property,N/A,Reddit
Maaigemdijk,Wetteren area,Belgium,"Maaigemdijk, Wetteren",Cherry scene area,,N/A,N/A,Public road,N/A,Reddit
Wetteren (general),Wetteren,Belgium (East Flanders),9230 Wetteren,"Main filming location, director's hometown",,N/A,N/A,Municipality of Wetteren,www.wetteren.be,Wikipedia/YouTube
Belgian countryside near Ghent,Near Ghent,Belgium,Ghent area,General countryside filming,,N/A,N/A,Various rural areas,N/A,YouTube/Frameline
